Заголовок,Абзац
100 Best Company Slogans & Taglines Ever,
,
,"In this post, we are going to share with you a list of 100+ Best Company Slogans & Taglines of all time."
,"See how these brands are using catchy & memorable words to grab the attention of their potential customers. Using slogans, they are also impressing a certain image of their brand in the minds their customers. Slogans if created cleverly can stick into the minds of people for a long period of time and can easily influence customers buying decisions."
, 
,Table of Contents
, 
,Adidas:   Adidas is All in.
,
, 
,Amazon:   And You’r Done.
,
, 
,Apple:   Think Different.
,
, 
,BMW:   The Ultimate Driving Machine.
,
, 
,Coca Cola:   Taste The Feeling.
,
, 
,Disney:   The Happiest Place On Earth.
,
, 
,Dollar Shave Club:   Shave Time. Shave Money.
,
, 
,FaceBook:   It’s Free and Always Will Be!
,
, 
,GE:   Imagination at Work.
,
, 
,Google:   Don’t be Evil.
,
, 
,IBM:   Think.
,
, 
,IMAX:   Think Big.
,
, 
,Intel:   Look inside.
,
, 
,McDonald’s:   I’m Lovin’ It.
,
, 
,Mercedes benz:   The Best or Nothing.
,
, 
,Microsoft:   Be what’s next.
,
, 
,Nike:   Just Do It!
,
, 
,Reebok:   I am What i am.
,
, 
,Samsung:   Imagine.
,
, 
,Toyota:   Let’s Go Places.
,
, 
,Walmart:   Save money. Live Batter.
,
, 
,California Milk Processor Board:   Got Milk?
, 
,Tesco:   Every Little Helps.
, 
,"M&M:   Melts in Your Mouth, Not in Your Hands."
, 
,Bounty:   The Quicker Picker Upper.
, 
,De Beers:   A Diamond is Forever.
, 
,Lay’s:   Betcha Can’t Eat Just One.
, 
,Audi:   Advancement Through Technology.
, 
,Dunkin’ Donuts:   America Runs on Dunkin.
, 
,McDonald’s:   I’m Lovin’ It.
, 
,General Electric:   Imagination at Work.
, 
,Verizon:   Can You Hear Me Now? Good.
, 
,L’Oréal:   Because You’re Worth It.
, 
,The National Lottery:   It Could be You.
, 
,Du Pont:   The miracles of Science.
, 
,Ebay:   Buy it. Sell it. Love it.
, 
,Dixon:   The Last Place You Want To Go.
, 
,Nintendo 64:   Get N or Get Out.
, 
,Metropolitan Life:   You have met Life Today?
, 
,Diesel Jeans:   Be Stupid.
, 
,United Airlines:   Fly The Friendly Sky.
, 
,"Jaguar:   Grace, Space, pace."
, 
,M&M:   Melt in your Mouth not in your Hands.
, 
,Visa:   It’s Everywhere u want to be.
, 
,Burger King:   Have it your Way.
, 
,Maxwell House:   Good to the last Drop.
, 
,Vodafone:   Make the most no Now.
, 
,Olympus:   Your Vision our Future.
, 
,Electronic Arts:   Challenge Everything.
, 
,Subway:   Eat Fresh.
, 
,Sony:   Make Believe.
, 
,Tag Heuer:   Success. It’s a Mind Game.
, 
,Nokia:   Connecting People.
, 
,Levi’s:   Quality Never Goes out Of Style.
, 
,Kodak:   Share Moments. Share Life.
, 
,Abbey National:   Because life’s Complected enough.
, 
,Ajax:   Stronger than dirt.
, 
,Holiday Inn:   Pleasing people over the World.
, 
,Porsche:   There is no Substitute.
, 
,Nikon:   At the heart of image.
, 
,3M:   Innovation.
, 
,Canon:   See what we Mean.
, 
,Blogger:   Push button Publishing.
, 
,Volkswagon:   Think Small.
, 
, 
,Hewlett-Packard (HP) – Make it matter
, 
,IBM – Think IBM
, 
,Microsoft – Making it all make sense
, 
,Google – Don’t be evil
, 
,Intel – Sponsors of tomorrow
, 
,Panasonic – Let’s Live Life Better
, 
,More IT Company Slogans
, 
, 
,Isecurity Services – Keeping an eye on things
, 
,Rapid Action – Your Trusted Security Company
, 
,Britsafe – The professional approach to security
, 
,"VV Security Agency – Safe, Secure, Service"
, 
,"Northern Security Services – Trust us with your business, We will guard you with ours"
, 
,Gold Security Guard Services – Your safety is our first priority
, 
,More Security Company Slogans
, 
, 
,Allstate Insurance – You’re in good hands
, 
,AXA Insurance – Redefining standards
, 
,Transamerica – Transform tomorrow
, 
,Aflac – We’ve got you under our wing
, 
,Allianz – Insurance solutions from A to Z
, 
,"Guardian Life – Enriching the lives of people, we touch"
, 
,Western National Insurance – The relationship company
, 
,More Insurance Company Slogans
, 
, 
,A new beginning. A clean start.
, 
,Will brighten your day
, 
,Taking cleaning to another level
, 
,Leave it to us
, 
,You’ll like what you see!
, 
,The ultimate shine
, 
,More Window Cleaning Company Slogans & Taglines
, 
, 
,The Art of Law
, 
,A legal career without the law degree
, 
,Paralegal. The Real Power Of Attorney
, 
,Keep Calm And Call A Paralegal
, 
,Our Mission Is Your Success
, 
,My Practice is Your Solution
, 
,More Paralegal Company Slogans
, 
, 
,No job is too Large or Too Small
, 
,"For a deeper, faster drying carpet cleaning"
, 
,A cloud above the rest
, 
,Quick professional carpet cleaning at a fair price
, 
,When only the best will do
, 
,Our reputation is Spot-Less!
, 
,More Carpet Cleaning Slogans
, 
,Further Reading
,
,
,"In today’s rapidly evolving digital landscape, the profound influence of graphic design cannot be exaggerated. With visual content commanding our attention, The fusion of Aesthetic and practical and functional use of graphic designing has taken the world by storm. In this article, we delve into the world of graphic design slogans and explore how they can promote your brand to new extremes. Get ready to start on a journey of creativity, innovation, and captivating visual storytelling!"
,"This article is for you if you, too, have been captivated by this virtual world of graphic design. You will find thousands of catchy Graphic design slogans to market the skills that are most relevant and in trend right now."
,"In the fast-paced world of business, standing out from the competition is critical. An effective and visually appealing brand identity can leave a lasting impression on customers. The power of graphic design slogans – concise, impactful statements that capture the essence of your brand and engage your target audience."
, 
, 
,Table of Contents
,"A catchy graphic design slogan acts as a magnet, drawing customers toward your brand. It encapsulates your brand’s values, mission, and unique selling proposition in just a few words. Graphic designing slogans take this concept to the next level by combining visual elements with textual brilliance. They create an indelible imprint in the minds of consumers, serving as a constant reminder of your brand’s identity. With a compelling slogan, your brand becomes a story waiting to be discovered. So don’t wait and check this Catchy graphic design slogans section and fin what represents our brand best."
, 
,Digital Design
, 
,Web Design Firm
, 
,The Design Group
, 
,Design for Change
, 
,Web Design Company
, 
,The Future of Explainers
, 
,Breakaway from the pack.
, 
,World’s best designers.
, 
,Do More With Your Designs
, 
,We Build Teams and Brands.
, 
,We Design for Print & Web.
, 
,Intelligent Communication.
, 
,Where Design Comes to Life
, 
,Beautiful Websites by Hand.
, 
,A Boutique Take on Branding
, 
,Design is a way of thinking
, 
,Power of Pure Communication.
, 
,Versatility that drives value
, 
,"Great Design, Now in Minutes."
, 
,Web Design by M [Your Initial]
, 
,Creative Agency for Technology
, 
,"Graphic Design, Now for Everyone"
, 
,Creative. Professional. Ethical.
, 
,Animated Videos for Complex Ideas
, 
,Designing for the Human Experience
, 
,Non-profit and Social Change Design
, 
,The Best Design for the Right Price
, 
,"We Design Websites for People, Not Browsers"
, 
,Bring Your Vision to Life. Let’s Get Started.
, 
,We Develop the Visual Identity of Your Business.
, 
,"Connect With Your Customers, Not Just Your Business."
, 
,"Engaging, beautiful designs that leave an impression!"
, 
,Design is not just what it looks like and feels like.
, 
,Get Creative and Design Your Own Social Media Graphics
, 
,Creating Brands to Touch Hearts and Make Them Stand Out
, 
, 
,"Graphic design slogans empower brands to think outside the box and unleash their creative prowess. They provide a route to experiment with different design elements, colours, and imagery. Unlike traditional advertising copy, slogans give brands the freedom to express their personality and values succinctly. Embrace the burstiness of graphic slogans by crafting a diverse range of sentence structures, ensuring that each word packs a punch and resonates with your audience. Find the perfect one here."
, 
,Design. Done.
, 
,Create Together
, 
,Design in Minutes
, 
,Creative Packaging
, 
,The brand builders
, 
,Graphics and Design
, 
,Web Design on the Go
, 
,We Make Change Happen
, 
,Build Worlds Together
, 
,Design Like You Mean It
, 
,For the Bright and Bold.
, 
,Graphic Design Made Easy
, 
,Ideas Behind Every Pixel
, 
,The Social Media Platform
, 
,Simple. Animated. Videos.
, 
,We Make Brands Desirable.
, 
,Unlock the Power of Design
, 
,Best Graphic Design Service
, 
,The World’s Best Designers
, 
,Design Your Own Social Media
, 
,We Create Ideas That Inspire
, 
,Creativity. Industry. Purpose
, 
,Fresh Ideas for Your Projects
, 
,Nobody Does Design Like We Do
, 
,The house that animation built
, 
,We Turn Your Ideas Into Design.
, 
,Forward Thinking Design Company
, 
,"Create Your Design, It’s Easy"
, 
,Packaging graphic design company
, 
,We Make the World More Beautiful
, 
,We Make Technology Work For You.
, 
,Simplicity. Creativity. Synergy.
, 
,Creative Services for Creative People
, 
,Best in class graphic design and packaging
, 
,Good Designers Make People’s Lives Better
, 
,Creating a Better Future for Our Communities
, 
,Our success is built on a foundation of trust.
, 
,We Create Beautiful Products That Tell Stories.
, 
,"We’re Not a Design Firm, We’re a Design Company"
, 
,Creating packaging that makes your products stand out
, 
,"Life Is a Celebration of All That Is Good. To Live Well, We"
, 
, 
, 
, 
,"A picture may be worth a thousand words, but it becomes an unforgettable tale when paired with a powerful tagline. Graphic design tagline bring life to your brand’s visuals, adding depth and emotion. They breathe personality into your logo, website, advertisements, and social media profiles. By harmonizing visuals and text, slogans create a captivating narrative that captures attention and sparks curiosity. Let your brand tell its story by following graphic design tagline."
, 
,Perfection
, 
,A new angle
, 
,Light Touch
, 
,Design Delivers
, 
,Visionary Design
, 
,Design With Vision
, 
,Leaders in Digital
, 
,No Nonsense design
, 
,Great ideas made real
, 
,Hand-crafted Websites
, 
,Our Passion is Design
, 
,Design for Social Good
, 
,"Be Social, Do Business"
, 
,Digital-first innovation
, 
,"Beautiful, smart, creative"
, 
,Your Brand Is Our Business
, 
,Passion to learn and apply
, 
,Empowering the project team
, 
,Design Experience and Insight
, 
,We have expertise in creating
, 
,Partnering with you to deliver
, 
,"Powerful, connected experience"
, 
,Unique Design. Powerful Impact.
, 
,Innovation. Impact. Inspiration.
, 
,Changing the World Through Design
, 
,Explaining Design in Plain Language
, 
,"The content you want, the way you want it"
, 
,We Design. We Create. We Build Relationships
, 
,The World’s Most Popular Graphic Design App
, 
,"The Very Best of Online Graphic Design, All in One Place."
, 
, 
,"Injecting humour into graphic design slogans can be a delightful way to captivate your audience and leave a lasting impression. Funny graphic design slogans tickle the funny bone, creating a memorable experience for your brand. By playing with words or a witty twist, these slogans add a touch of joy to your designs, inviting smiles and laughter. So, embrace the power of humour and let your funny graphic design slogans bring laughter to your brand’s identity."
, 
, 
,Visualizing ideas.
, 
,Creative solutions.
, 
,Design your vision.
, 
,Creating to inspire.
, 
,Away from hesitation.
, 
,A lasting impression.
, 
,We serve your dreams.
, 
,Harmony with dignity.
, 
,Turn on your interest.
, 
,Design inside the mind.
, 
,Your choice our passion.
, 
,Creating the creativity.
, 
,A trend for more profit.
, 
,High-quality end results.
, 
,"Good design, good things."
, 
,Elegance shown in graphics.
, 
,"Big ideas, creative designs."
, 
,Try to get a chance and grab.
, 
,Great design for good reason.
, 
,We help you define your brand.
, 
,Try the hardest part to design.
, 
,Every design has a good reason.
, 
,Let’s explore a world of art.
, 
,Grab every possible opportunity.
, 
,"Relevant design, meaningful you."
, 
,Coz creativity runs in our veins.
, 
,Logos that will never let you down.
, 
,Big ideas with great results always.
, 
,A newer perspective toward creativity.
, 
,For the souls who feed on imagination.
, 
,Perfect designs for the perfect brands.
, 
,The kings of graphic designing are here.
, 
,Visual imagery is at its most appealing.
, 
,We work to make your ideas come to life.
, 
,Blend colors to make attractive designs.
, 
,There are no shortcuts to a great design.
, 
,We built design that built your business.
, 
,Affordable solutions for creativity need.
, 
,"Decorating brands, revolutionizing ideas."
, 
,"High quality, yet affordable and reliable."
, 
,"Imagination is free, and creativity is wild."
, 
,Do good work and get the client to accept it.
, 
,Your ideas; we help to make them come to life.
, 
,Insanely attractive logos at affordable prices.
, 
,Helping you connect to your customers with ease.
, 
,Creativity cannot be imposed; it can only be felt.
, 
,Designs are known to leave a long-lasting impression.
, 
,The main ingredient behind a great logo is imagination.
, 
,Where the line between art and technology stays blurred.
, 
,Bringing logos from our heads straight to your doorstep.
, 
,Creating logos for brands that manage customer experience.
, 
,A great logo is one that can portray the thought behind it.
, 
,Either they’ll admire or copy us; there’s no in-between.
, 
,Need someone to design a logo for your brand? Look no further.
, 
,Creativity that delights clients and sticks around for a lifetime.
, 
,Good designs come with practice. Great designs come from the soul.
, 
,"Standing out from the rest, and that’s what we want you to be as well."
, 
, 
,"A well-crafted graphic design slogan elevates your brand’s perception in the eyes of consumers. It represents the quality, innovation, and professionalism associated with your offerings. By infusing your brand with a powerful slogan, you create a distinct identity that differentiates you from competitors. From startups to established enterprises, graphic design slogans have the potential to shape brand perception and carve a niche in the market. So don’t take it lightly here are some graphic design slogan ideas."
, 
,Creative minds.
, 
,Ideas that grow.
, 
,Feel the design.
, 
,"Love it, feel it."
, 
,Feel new designs.
, 
,Design and beauty.
, 
,Design that speaks.
, 
,Here to design well.
, 
,A perfect tag design.
, 
,Strive for creativity.
, 
,Stuff that shines you.
, 
,Designing your dreams.
, 
,Good design is obvious.
, 
,"An art, a creative way."
, 
,Adorning ideas of life.
, 
,Human-centered designs.
, 
,Get noticed and focused.
, 
,Making beautiful things.
, 
,Design that brings life.
, 
,Creative what you imagine.
, 
,Serve to be looking great.
, 
,Designs that you wish for.
, 
,Creativity is our identity.
, 
,Whatever you want just tell.
, 
,Your vision brought to life.
, 
,With custom graphic designs.
, 
,Design that decorates brand.
, 
,A passion and art of design.
, 
,Satisfaction and dedication.
, 
,We are here to make you pop.
, 
,With more creative thinking.
, 
,Obvious design for business.
, 
,Bring more ideas to the life.
, 
,Show your love with elegance.
, 
,Aesthetic sense of creativity.
, 
,Serving brilliance since 2008.
, 
,We have secrets of good design.
, 
,Designing happiness since 2005.
, 
,A saving world with good design.
, 
,Making brands visible since 2000.
, 
,A symbol that has its own stories.
, 
,"If you want it, we will create it."
, 
,Good design makes the world better.
, 
,We create magic through our designs.
, 
,"More than logos, it’s an experience."
, 
,Advertise your brand with our designs.
, 
,We bring to life what you merely imagine.
, 
,We help brands create their visual identity.
, 
,Let’s design something immaculate together.
, 
,Impressing brands with our designs since 2009.
, 
,The designing agency your brand needs to hire.
, 
,Designs are made at the speed of the internet.
, 
,Let’s paint the world the way we imagined it.
, 
,Beauty lies in the hands of the graphic designer.
, 
,Where innovation goes hand in hand with creativity.
, 
,Making your business look awesome is what our business is.
, 
,Stay away from the same old cliché logos. Just let us handle it.
, 
, 
,"Effective slogans are memorable; they evoke emotions that resonate with your target audience. Graphic designing slogans have the power to inspire action by stirring emotions such as joy, curiosity, nostalgia, or even a sense of urgency. They create a real connection between your brand and consumers on a profound level, influencing their decision-making process. Whether through humour, empathy, or a thought-provoking message, graphic designing slogans can leave a lasting impact on customers.  Here is a list of Slogans for Graphic Designers"
, 
,the power of design
, 
,We are here to help.
, 
,design is everything
, 
,we’re here to help!
, 
,Design is my passion.
, 
,Bringing ideas to life
, 
,My art is your success.
, 
,Your success is my success
, 
,We’re all in this together
, 
,Good design is good business.
, 
,let us design a plan for you!
, 
,Designing for the creative mind
, 
,creative ideas for your business
, 
,create a better world with design
, 
,"I design for your brand, not mine"
, 
,designing the way you do business
, 
,A picture can tell a thousand words
, 
,Tailored design that speaks to you.
, 
,Designing solutions that work for you
, 
,solutions to all of your creative needs
, 
,Your one stop shop for creative services
, 
,We take your vision and make it a reality
, 
,Design with me to make your ideas happen.
, 
,The best of both worlds in graphic design
, 
,You only need one good idea to make it big
, 
,"I’m not just a designer, I’m an artist."
, 
,marketing strategy that’s right on target
, 
,Creative solutions for your business needs.
, 
,Do the right thing – it’s good business.
, 
,"Designing with passion, creating with purpose"
, 
,"I’m not just a designer, I’m an idea machine."
, 
,Your vision deserves the best designer you can find
, 
,"We’re not just designers, we’re problem solvers."
, 
,"No one likes a bragger, but everyone loves an expert."
, 
,I am the graphic designer you’ve been waiting for!
, 
,"every day, every project, every challenge – we’re on it!"
, 
, 
,Here are some important tips for graphic designers to enhance their skills and maximise their creative potential:
,"Understand the Purpose: Always start by understanding the purpose and objectives of the design project. Clarify the client’s requirements, target audience, and desired outcomes. This understanding will guide your design decisions and ensure the final product effectively communicates the intended message."
,Research and Inspiration:
,"Clear Communication: Effective communication is crucial in graphic design. Regularly communicate with clients to ensure you’re on the same page and address any concerns or questions. Additionally, communicate your design choices and rationale to help clients understand the reasoning behind your decisions."
,Balance Design Elements:
,Simplicity and Clarity:
,"Consistency and Branding: Maintain consistency in design elements, color schemes, and typography choices to strengthen brand recognition. Ensure your designs align with the brand’s existing visual identity and guidelines, maintaining a cohesive look and feel across different platforms."
, 
, 
, 
,"The slogan in graphic design is a short and memorable phrase that encapsulates the fundamental essence of a brand or design effort. It acts as a potent means of communication, effectively conveying the brand’s message, values, or distinctive selling proposition with brevity. A well-crafted slogan in graphic design imparts a distinct personality and resonance to the visual identity, leaving a strong impression on the target audience."
,Here are some examples of slogans on graphic Design Slogan
, 
,Related Articles:
,500 Best Marketing Slogans
,55 Famous Brand Slogans and Taglines
,63 Catchy Taglines of Companies
,600 Catchy Digital Marketing Slogans & Digital Marketing Taglines
,
,
,"Regarding student politics, amazing student council campaign slogans can ignite inspiration, gain support, and attract voters. This especially applies in council elections, where candidates are trying to get more attention among students."
,"Whether you’re running for council or Class Representative and need help finding the perfect Tagline and Slogan to support your fellow in the student council election, you’ve come to the right place.
In this article, you will find student council campaign slogans and Tagline ideas for the student council. Here we go"
, 
,Note: If you are looking for some Funny Student Council Slogans there’s a whole article dedicated to that: Funny Campaign Slogans For Student Council Election
, 
,Table of Contents
, 
,Vote for hope. Vote for _______
, 
,Don’t Stop Believing
, 
,Go with a family you know!
, 
,Failure is not an option.
, 
,Learning to Teach Change
, 
,"Be a pal, vote for this gal"
, 
,PICK ME!
, 
,Feel like you should have a say? Vote (Your Name) today!
, 
,"Don’t settle for less. Vote for ________, he/she’s the best"
, 
,"Make no mistake, vote for_______"
, 
,"Vote for (Name), your Voice in Student Government"
, 
,2-4-6-8 vote for______ don’t hesitate
, 
,You won’t be sorry you voted for______
, 
,"Don’t settle for less. Vote for (Name), she’s the best"
, 
,It’s not YOUR fault it’s Your vote!
, 
,"Don’t be a fake, vote for _______"
, 
,A vote for me means success for us all.
, 
,Vote 4 (Name) I promise I’ll do my best I’ll never stop to take a rest.
, 
,I’d give you all cookies if I had any.
, 
,Invest your vote with me and reap the rewards of leadership.
, 
, 
,
, 
, 
,Make your vote count because I know I can lead this class.
, 
,"Many people agree, Vote _____ For VP!"
, 
,"Students Need Their Own Voice. So, Make the Right Choice"
, 
,YOUR voice is MY voice. Vote for ________
, 
,"Don’t throw your vote away, vote for ________ today!"
, 
,Never fear (your name) is here!!
, 
,Don’t rock the boat. Vote for incumbent (Name)
, 
,Feel like you should have a say? Vote________ today!
, 
,(Hang up a small mirror) Look who’s voting for (name)!
, 
,"Hi, I’m ___. Please vote me for ___!"
, 
,Helping the world since 20__
, 
,"Vote for me, I’m not Trump either!"
, 
,"You want something done, (Your Name) is the one!"
, 
,"Oh, I just can’t wait to be King (Name)"
, 
,"Don’t gloat, put in your vote, Vote for ________!"
, 
,"Just keep voting, just keep voting (name) for (position)"
, 
,"We like (your name) yes, we do! we’ll vote for her and so should you!"
, 
,"The future is bright, the future is_________"
, 
,"Vote for me I’m the right choice, vote for me I’ll be your voice"
, 
,"Open your mind, Improve your school"
, 
,To cool for school vote_______ for president
, 
,"Vote for (name), he’s the man, if he can’t do it no one can!"
, 
,Vote ______ to Represent You
, 
,"Cast your ballot, have you heard? (name) for student president, spread the word!"
, 
,Vote for me is Vote for you. I win – you win
, 
,If you want the right president Vote for_________
, 
,"Everyone Says, (Name) for President"
, 
,A Vote for_______ is as amazing as a double rainbow
, 
,Roses are great so vote for (First Name) She’s great
, 
,Vote smart. Elect (Your name) for Student Body President
, 
,"Open your mind, Improve your school"
, 
,Action born and bred
, 
,I give good government
, 
,(Name) + Your Vote + Election Day = Formula for Our Future!
, 
,Go the extra A vote works wonders. Vote for (Name)
, 
,Thank (Name) it’s Friday
, 
,(Name) for reform. (Name) for action.
, 
,Get energy. Get (Name)
, 
,(Name) – the coolest action
, 
,"Change your underwear, change your school"
, 
,"Pardon me, can you spare a vote?"
, 
,Make someone happy. Vote (Name)
, 
,You always have time for government
, 
,Vote better – Vote (Name)!
, 
,World’s best student body president
, 
,Straight talk from (Name)
, 
,"Two, four, six, eight! Vote for (Name), don’t be late"
, 
,A vote for [Name] is a vote for you!
, 
,I’m not your father’s president
, 
,We want you! Vote for (Name)
, 
,Improve your school with (Name)a mile vote (Your Name) for President and I guarantee he`ll/she`ll make you smile
, 
,Working hard for you
, 
,"Vote for HOPE, Vote for CHANGE"
, 
,"Make no mistake, vote for (Name)"
, 
,"Don’t be a fake, vote for (Name)"
, 
,President _________- because it sounds cool
, 
,"Don’t throw your vote away, vote for (Your Name) today!"
, 
,"NO HOMEWORK!!!…oh, if only I had the power"
, 
,Want life to go your way? Vote (Your Name) today!
, 
, 
, 
,Vote for me is Vote for you. I win – you win
, 
,If you want the right president Vote for_________
, 
,"Everyone Says, (Name) for President"
, 
,A Vote for_______ is as amazing as a double rainbow
, 
,Roses are great so vote for (First Name) She’s great
, 
,Vote smart. Elect (Your name) for Student Body President
, 
,Go the extra mile vote (Your Name) for President and I guarantee he`ll/she`ll make you smile
, 
,"I know milk does a body good, but _________ will do your student body better"
, 
,"I am not asking to Vote for me, just check the box next to my name"
, 
,Vote for_______ and all will go well
, 
,A vote for ________is a vote for the better
, 
,Some decisions in life are just that easy. ________ for President
, 
,Open your mind. Improve your school
, 
,Come out of your shell vote for_______
, 
,"A Vote works, Vote for _______"
, 
,Be bright and choose who’s right vote (Your Name) for President
, 
,_______ is cool for vote
, 
,Count on someone who can count. (Name) for President
, 
, 
, 
,You’ll flip for _______
, 
,"Students Need Their Own Voice. So, Make the Right Choice"
, 
,Vote 4 (Name) I promise I’ll do my best I’ll never stop to take a rest
, 
,I’m the best thing since sliced bread!
, 
,"Like a good Friend, __________ is there"
, 
,"The girl with the SMILE, Vote for ________"
, 
,YOUR voice is MY voice. Vote for ________
, 
,I’d give you all cookies if I had any
, 
,Vote ______ to Represent You
, 
,"Many people agree, Vote _____ For VP!"
, 
, 
, 
,Unity makes strength
, 
,Creating positive change
, 
,Promoting student success
, 
,Leading the way to success
, 
,Standing up for what’s right
, 
,Supporting student achievement
, 
,Empowering students to succeed
, 
,Enhancing the student experience
, 
,Nurturing Tomorrow’s leaders today
, 
,Catalyst for change
, 
,A student for solutions
, 
,Give this school a change
, 
,Quality in government
, 
,The right government at the right time
, 
,The president kids go for
, 
,
, 
,Solutions for student council
, 
,Engaging students in their education
, 
,Working together for a better tomorrow
, 
,Building leaders for today and tomorrow
, 
,Unleashing the power of student potential
, 
,"Advocating for change, one student at a time"
, 
,Developing students’ talents and abilities
, 
,Helping students reach their fullest potential
, 
,Making a difference in our school and community
, 
,"We’re the voice of the students, so let’s be heard!"
, 
,helping every student succeed 20 fostering a love of learning in every child
, 
, 
,be the change
, 
,ready to lead?
, 
,Classy choice.
, 
,Make a change.
, 
,every vote counts
, 
,Cause I care.
, 
,I’ll represent!
, 
,ll be there for you!
, 
,Power to the people.
, 
,time for a change!
, 
,in it to win it!
, 
,I’ll fight for you!
, 
,The sky is the limit.
, 
,For a brighter future.
, 
,No One Does It Better.
, 
,United we stand.
, 
,You’re my reason why.
, 
,Because you deserve better.
, 
,taking charge for a better tomorrow
, 
,your voice + my action = amazingClass Rep
, 
, 
,"For a student council position or a campaign manager seeking creative ways to inspire your candidate’s campaign, these Student Council Slogan Ideas are for you. Our writers hand-crafted the Best student council slogan ideas and provided you with a wide range of catchy phrases. We tried our best to create a slogan representing your vision, highlighting your campaign, and motivating your fellows to believe in your leadership. "
,Here is a list of catchy Student Council Slogan Ideas:
, 
,Go with the flow: vote for me!
, 
,I’ll be there for you: vote for me!
, 
,I’m the perfect candidate: vote for me!
, 
,I’m a voice for the students: vote for me!
, 
,I’ll fight for what’s right: vote for me!
, 
,"committed to making a difference, vote for me!"
, 
,I’ll always put students first: vote for me!
, 
,"With me as your student council representative,"
, 
,I’ll make sure your concerns are heard: vote for me!
, 
,"knowledgeable and experienced, I’m the right choice: vote"
, 
,For a student council representative who will go above and b
, 
,"effective and enthusiastic, I’m the right candidate for yo"
, 
,For a student council representative who is truly invested i
, 
,If you want a student council representative who will fight for
, 
,
, 
,"Trustworthy, hardworking, and dedicated: that’s me! Vote for"
, 
,If you want a student council representative who will always p
, 
,"If you want a student council representative who cares, vote for m"
, 
,"With experience in student government, I’m the right choice: vote"
, 
,I promise to be a passionate advocate for all students: vote for me!
, 
,"For a student council representative who will always have yo back,vote for me!"
, 
, 
,Student council candidates know the importance of a powerful motto that brightens their vision. Its also helpful for the students to understand the leader’s vision. Below you will find useful ideas and Creative slogans for those searching for the perfect student council motto.
,Here is the list of catchy mottos for the student council campaign share with your friends and use them for your campaign.
, 
,You can count on me!
, 
,"Trust me, I’m a leader!"
, 
,because every voice matters!
, 
,I’ll make your voice heard.
, 
,I’m the candidate who cares.
, 
,Student council is my destiny!
, 
,because it’s time for change!
, 
,I’ll represent you with pride.
, 
,I pledge to serve with integrity.
, 
,I’ll stand up for what’s right.
, 
,Vote for me and things will get done!
, 
,Vote for me and we’ll make progress!
, 
,Vote for me and I’ll make school fun!
, 
,My vision for the student council is…
, 
,
, 
,I have the experience to lead us forward.
, 
,Let me be your guide on the student council.
, 
,I’ll be your voice on the student council.
, 
,Join me on the journey to an even better school!
, 
,"As your student council representative, I will…"
, 
,I’ll be a strong advocate for students’ rights.
, 
, 
,All About Change
, 
,Every vote counts!
, 
,I Believe…Do You?
, 
,‘The time is now’
, 
,Need change? Elect me!
, 
,elect ME 4 a better school
, 
,It’s time 4 a change
, 
,Your future starts today
, 
,"Make your voice heard, vote for me!"
, 
,"I’m in it to win it, vote for me!"
, 
,Are You Tired of the Same Old Thing?
, 
,"Don’t be a couch potato, vote for me!"
, 
,Got a gripe? Let me fix it! Vote for me!
, 
,"Don’t just sit there,do something!"
, 
,Shout out ________ for president
, 
,I want you to Vote for ________
, 
,"Don’t start crying, Vote for________"
, 
,I would be HAPPY HAPPY HAPPY to have your Vote!
, 
,"Vote bright, Vote right, Vote _______"
, 
,"Free drinks on me, Vote________"
, 
,"My hips don’t lie, Vote ________"
, 
,"Vote for me, I can talk the talk"
, 
,"Vote for success, Vote for _______"
, 
,"If you want a secretary who is the best, vote for _______"
, 
,"Don’t be shy, close your eyes and try"
, 
,"If you don’t mind, Vote for _______"
, 
,________ is for us
, 
,"Don’t vote for them, Please vote for me!"
, 
,Vote for ______ for Class Secretary
, 
,"Clap your hands, say it out loud, _______ is the one who makes you proud"
, 
,Vote for the Girl with the smile!
, 
,"Shout out loud, Vote for _______"
, 
,_______ is here to solve your problems
, 
,Your Vote would make me so jolly (jolly rancher)
, 
,Voting for me is a good decision!
, 
,I want you to Vote me
, 
,"Working for us, Vote for us"
, 
,Keep calm and Vote wisely for _______
, 
,Got _______
, 
,The one better than the rest
, 
,I win – you win
, 
,Make your Vote count
, 
,Vote for experience
, 
,Vote for me otherwise you’ll lose again
, 
,"I promise, I will"
, 
,Don’t repeat your mistake
, 
,Vote for _______ to get things done
, 
,Vote for education. Vote for _______
, 
,Who is the most awesome person in your mind
, 
,I don’t hear the voices. I am the voice. Vote for _______
, 
,"I am not Good, I am not better, I am the best"
, 
,Mom says Vote for _______
, 
,You mean you didn’t vote for _______
, 
,"Don’t wait 4 tomorrow,do it today!"
, 
,"I’ll add some spice to your life, vote for me!"
, 
,Every day is a new opportunity 2 make a difference
, 
,"A fresh start, that’s what I’m all aboutVote for me!"
, 
,"I’ll stand up for what’s right, vote for me for student council!"
, 
,"I’m the best candidate hands-down, vote for me for student council!"
, 
, 
,"Dream big, act bigger."
, 
,"Growth, progress, success."
, 
,"Minds open, hearts united."
, 
,"Thinking big, achieving more."
, 
,"Engaged, invested, committed."
, 
,"Taking action, making progress."
, 
,"It’s not about me, it’s about us."
, 
,Student leaders bridging the gap.
, 
,A student leader for all students.
, 
,"Leaders that serve, serve to lead."
, 
,"Celebrate unity, embrace diversity."
, 
,"Inspiring change, empowering action."
, 
,"Where students lead, success follows."
, 
,Paving the way for a brighter future.
, 
,"Living the motto, making a difference."
, 
,"Encouraging growth, fostering success."
, 
,"Developing leaders, shaping the future."
, 
,"Leading by example, serving with heart."
, 
,"Inspiring greatness, empowering change."
, 
,Leaders for a stronger school community.
, 
,"Inspiring leadership, empowering change."
, 
,Empowering students to lead and achieve.
, 
,"Leaders that listen, serve, and inspire."
, 
,"Students leading students, creating change."
, 
,"Engaging students, empowering them to lead."
, 
,"Believe in yourself, believe in your school."
, 
,"Together, we make our school a better place."
, 
,Creating a legacy of leadership and success.
, 
,"Leadership you can trust, change you can see."
, 
,"Leadership is not a position, it’s a mindset."
, 
,Building a culture of leadership and service.
, 
,Strong leadership creates strong communities.
, 
,"Your vote is your voice, make it count for us."
, 
,"Committed to excellence, dedicated to students."
, 
,"Listening to all voices, leading with integrity."
, 
,"Positive change starts with one voice, one vote."
, 
,Creating a culture of respect and accountability.
, 
,"Together, we can take our school to the next level."
, 
,"Leaders of today, creating the leaders of tomorrow."
, 
,"Empowering students, building our school community."
, 
,A vote for me is a vote for progress and inclusion.
, 
,Student council leaders with a vision for the future.
, 
,"A student council leader who listens, cares and leads."
, 
,"Leadership is about serving others, not serving yourself."
, 
,"A vote for me is a vote for stronger, more unified school."
, 
,Committed to making a real difference in our school community.
, 
,Let’s work together to create a better tomorrow for our school.
, 
,"Together, we can create a better future for our school community."
, 
,A positive school environment begins with strong student leadership.
, 
,Let’s make our school community a place where everyone feels welcome.
, 
, 
,"Choosing the correct slogans can indeed affect the outcome of a class representative election. Because you need to highlight class issues and needs. To gain the support of other students, a powerful slogan is required. This post will find various powerful and creative ideas for class-representative slogans. A great slogan can ease your journey if you are running a campaign for yourself or your fellow. Read all these lines carefully, choose the best for your campaign, and share with your friends."
,Here is the list of best Class Representative Slogans.
, 
,Be happy
, 
,Be committed
, 
,Join the team
, 
,Make a difference
, 
,We are taking over
, 
,Proud of who we are
, 
,We make a difference
, 
,Get your hands dirty
, 
,Fostering the people
, 
,Speaking with actions
, 
,Change for the better
, 
,Qualities of greatness
, 
,Learning to teach change
, 
,Leadership you can trust
, 
,"Hope, change, and progress"
, 
,For success choose the best
, 
,Choose a leader for a change
, 
,"Work hard, but play hard too"
, 
,Support your fellow students
, 
,A promise made is a promise kept
, 
,Some people are worth voting for!
, 
,"Don’t be shy, give (name) a try"
, 
,I may be small but i can do it all
, 
,Start the day with positive attitude
, 
,Want life to go your way? Vote (name) today!
, 
,"Vote for her, she’ll get things done the write way!"
, 
,Make thoughtful choices and stand up for what is right
, 
,"Speak out against racism, sexism, and other injustices"
, 
,Improve yourself and help others to improve themselves as well
, 
,If you vote for me them you will see what a great representative i’ll be!
, 
, 
,Join the council
, 
,Don’t waste time
, 
,Bringing back hope.
, 
,My best foot forward
, 
,Are you a role model
, 
,Be a responsible person
, 
,I will be honest and open
, 
,"Imagine something better,"
, 
,Be proud about your talents
, 
,"Working for us, vote for us"
, 
,Count on someone who can count
, 
,New ideas from a proven leader
, 
,We need to keep the school clean
, 
,"Be bright, vote for who is right"
, 
,"In your heart, you know i’m right"
, 
,Be a good citizen in your community
, 
,I will encourage others to do their best
, 
,Be part of the change. Make a difference
, 
,Vote for the best so you won’t be stressed
, 
,You’ve seen the rest! Now vote for the best!
, 
,"Please vote for me, I already told my mom I won!"
, 
,"Don’t throw your vote away, vote for (name) today!"
, 
,I will show respect for my teachers and all officials
, 
,Don’t waste a dime when i can stand the test of time
, 
,"If voting for me is wrong, then you don’t want to be right!"
, 
, 
,Vote for us!
, 
,Put in the work
, 
,Earn your degree
, 
,Grateful students
, 
,Each and every day
, 
,Challenge yourself
, 
,Achieve your success
, 
,Education is freedom
, 
,I have to study hard
, 
,Keep our class clean
, 
,I need to take my time
, 
,Get ready for your exam
, 
,Join the student council
, 
,Join the school council.
, 
,Help make a better school
, 
,Students want more power.
, 
,Start studying with me now
, 
,"To serve, not to be served"
, 
,And I won’t need to study
, 
,You’re the student council!
, 
,I’m going to work my hardest
, 
,Skip one and you’ll regret it
, 
,The student council to vote for.
, 
,Student council: changing lives.
, 
,Making friends is the best thing
, 
,Let’s put our best foot forward
, 
,We’re the leaders of your lives.
, 
,A student council to call your own.
, 
,The student council is here for you
, 
,"This is our school, take care of it"
, 
, 
,Be attentive
, 
,To do my best
, 
,Get a breather
, 
,You can succeed
, 
,Every advantage
, 
,Do something new
, 
,Join to do better
, 
,Silence is golden
, 
,To get good grades
, 
,Helping you succeed
, 
,Students who impress
, 
,The power to do good.
, 
,Think outside the box
, 
,Nothing in life is free
, 
,It’s not all about work
, 
,Now is the time for change
, 
,Students should take a break
, 
,Students for a better tomorrow
, 
,Might as well give it to them.
, 
,Students that are always smiling
, 
,College is a time to grow and learn.
, 
,Leaders taking care of your choices.
, 
,Student council: uniting for change.
, 
,Student council: putting students first.
, 
,The journey is greener on the other side.
, 
,The student council you know you can trust.
, 
,Our goal is to have the safest school in America.
, 
,Good things happen when you’re with the student council!
, 
, 
,Good call.
, 
,Safety First.
, 
,The best one.
, 
,Ready to Lead.
, 
,Best in class.
, 
,Like no one else.
, 
,Better exercises.
, 
,Having an effect.
, 
,You merit better.
, 
,Growing. Serving.
, 
,Here to Serve you.
, 
,Empowering others.
, 
,Unrelenting energy
, 
,I am not a quitter.
, 
,Just for our school.
, 
,Everyone is someone.
, 
,Called to Greatness.
, 
,The road to victory.
, 
,Getting things done.
, 
,Taking the high road.
, 
,Service with a Smile.
, 
,Grow. Share. Believe.
, 
,Making a contribution.
, 
,The force of thoughts.
, 
,Change is a good thing.
, 
,Excellence personified.
, 
,Giving you the decision.
, 
,Unperturbed by anything.
, 
,Taking care of business.
, 
,Top pick administration.
, 
,Above-average leadership.
, 
,Bolder. Brighter. Better.
, 
,Keeping a sacrosanct trust.
, 
,A penny saved is a penny earned.
, 
,Thoughts for a superior tomorrow.
, 
, 
, 
,2-4-6-8 vote for______ don’t hesitate
, 
,Cool kid.
, 
,Born free.
, 
,A class act.
, 
,Lift a shout.
, 
,Never give up.
, 
,Gifted Leader.
, 
,Catch the wave.
, 
,Friends to all.
, 
,Talent to spare.
, 
,Go for the gold.
, 
,Brave leadership.
, 
,Formidable ideas.
, 
,Sympathy for all.
, 
,Boundless energy.
, 
,Ideas that matter.
, 
,Thoughts are free.
, 
,Begin the journey.
, 
,The cause endures.
, 
,I put stock in you.
, 
,Freedom is forever.
, 
,Lend me your voices.
, 
,Grounded in reality.
, 
,You know you want to.
, 
,Legendary leadership.
, 
,Unparalleled quality.
, 
,Driving with my heart.
, 
,Live like you mean it.
, 
,Another day is coming.
, 
,Champion of the people.
, 
,Capacity for greatness.
, 
,We are joined together.
, 
,Friends helping friends.
, 
,Compassionate leadership.
, 
,A sandwich in every lunch box.
, 
,You never know till you attempt.
, 
,A promise made is a promise kept.
, 
, 
,Aim high.
, 
,Go forth.
, 
,Dream big.
, 
,Going farther.
, 
,Courage to act.
, 
,A solid choice.
, 
,Free your mind.
, 
,Ideas to spare.
, 
,Called to serve.
, 
,Keeping it real.
, 
,Keep hope alive.
, 
,Lighting the way.
, 
,We dare to dream.
, 
,Unstoppable force.
, 
,Driven by purpose.
, 
,A credible leader.
, 
,Lend me your votes.
, 
,Credibility matters.
, 
,Leave no one behind.
, 
,Never had it so good.
, 
,Your voice on council
, 
,Accelerating progress.
, 
,You won’t regret it.
, 
,You know where I stand.
, 
,Better results for you.
, 
,I’ll find the answer.
, 
,Go with a proven winner.
, 
,It’s time for a change.
,
,
,"Forests are the lungs of our mother earth, playing a vital role in sustaining life on Earth. As we face countless environmental challenges, raising awareness about the importance of forest conservation has become increasingly important. Save Forest Slogans are a powerful way to capture attention, evoke emotions, and inspire action. This article presents inspiring slogans for saving forests that remind us of the urgent need to protect these valuable ecosystems."
,"Slogans, such as “Save Forests, Save Our Future”, inspired by linking the conservation of forests to the future of humanity, this slogan highlights the critical role forests play in ensuring a sustainable and prosperous planet for generations to come. It encourages us to act now to secure a better future for ourselves and future generations."
,"Another example would be, A “stand for trees, stand for life” holds so much power as it highlights that life on Earth is interconnected to everything. Survival of one element of the ecosystem is crucial for the whole Earth. This urges us to take a stand and protect the irreplaceable treasures of our natural world."
,"So if you found these Slogans inspiring, you will love all the following Save Forest slogans! A good slogan has the potential to resonate with people long after they first encounter it. By creating an emotional connection and leaving a lasting impression, slogans can continue to inspire individuals to make sustainable choices, support environmental organizations, and spread the message to others. So let’s delve into this article without further Ado."
,Let’s do it!
, 
,"Note: If you’re looking for some Best Save Tree Slogans, there’s a whole article dedicated to that: Best Save Tree Slogans, Save Trees Quotes, Status & Caption"
, 
,Table of Contents
,Here are Some more Best Save Forest Slogans
, 
,Stop the chop
, 
,Forests for all
, 
,Let’s save forests
, 
,Hands off our Forest
, 
,"Forest, wind blocker"
, 
,Forest protection now
, 
,"Forest, flood fighter"
, 
,Forests help us breathe
, 
,Say no to deforestation
, 
,"I love forests, do you?"
, 
,Run to help save forests
, 
,It’s save forests time
, 
,All you need is a forest
, 
,keep calm & Love forests
, 
,“Our forest” Needs us
, 
,"Save forests, save future"
, 
,Our forests aren’t fuel
, 
,Stop Exams! Save Forests!
, 
,"My mom says, save forests"
, 
,Saving forests is our duty
, 
,Save forests for your kids
, 
,Be safe and protect forests
, 
,Forests for a living planet
, 
,"Save forests, NOW not Later"
, 
,Lend a hand to save forests
, 
,"Save today, survive tomorrow"
, 
,Nature Doesn’t Need People
, 
,Need for forest conservation
, 
,Save forests and stay healthy
, 
,Save forests and move forward
, 
,Keep The Green. Cut The Greed
, 
,"Don’t be sorry, do something"
, 
,"Save forests, save the climate!"
, 
,"Save forests, they will save you"
, 
,Planting forests is Planting life
, 
,Life without forests is impossible
, 
,save-forest-slogans-forests-for-all
, 
,Nature Itself Is The Best Physician
, 
,Our health is in the hands of forests
, 
,"Forests, a road to healthy environment"
, 
,save-forest-slogans-save-forest-slogans
, 
,"We need forests, Forests don’t need us"
, 
,"Save forests, a key to a clean & green environment"
, 
, 
,Here are the Top 10 Save Forest Slogans
, 
, 
,"In the fight to conserve our planet Earth, slogans have become a powerful tool for spreading awareness, inspiring people to take action and capturing attention. These concise and impactful phrases communicate the urgency and significance of forest conservation. The slogan on the conservation of forests has immense power in communicating messages that resonate with people. They clarify complex concepts into concise and memorable phrases, prompting emotions and inspiring action. These slogans act as rallying cries, mobilizing individuals, communities, and organizations to unite to protect forests. If you are looking to see this impact, this section is for you."
, 
,Here are slogans on the conservation of forests.
, 
,Every tree counts!
, 
,Say no to animal abuse
, 
,Keep the green in our world!
, 
,Protect our planet’s lungs!
, 
,Don’t be mean – go green!
, 
,No wildlife – No human life
, 
,"Trash the gas, not the trees!"
, 
,Join hands to protect wildlife
, 
,Fight for the animal’s right
, 
,Keep the Earth green and clean!
, 
,Give a hoot – don’t pollute!
, 
,"Feed animals, don’t eat animals"
, 
,Keep your carbon foot print light!
, 
,Forests are vital – protect them!
, 
,A green mind lives in a green home!
, 
,"Cage for prisoners, not for animals"
, 
,A forest a day keeps the carbon away!
, 
,One less tree equals one more problem!
, 
,Let’s make the world a greener place!
, 
,"Don’t be a lumberjack, be an environmentalist!"
, 
,"Don’t shoot us with Guns, shoot us with cameras"
, 
,Let’s make haste slowly to save our soil & trees!
, 
,Nature doesn’t need people. People need nature.’
, 
,"Stop being so wasteful, it’s time to get tasteful!"
, 
,Keep the woods alive – don’t drive them to death!
, 
,"I’m not a tree hugger, I’m an environmentalist!’"
, 
,"If you can’t reuse it, reduce it, recycle it or refuse it!"
, 
,"Saving our planet one step at a time, starts with you and me"
, 
,Keep forests alive and kicking – they’re oxygen factories!
, 
,"Recycle and reduce, so future generations can live and breathe!"
, 
, 
,"Slogans about forests are crucial in raising awareness about the importance of preserving these valuable ecosystems. They serve as a wake-up call, drawing attention to the threats facing forests, such as deforestation, habitat loss, and climate change. By torching a sense of purpose and responsibility, slogans motivate individuals to take action. Whether participating in tree-planting initiatives, supporting sustainable practices, advocating for policy changes, or making conscious consumer choices, slogans inspire individuals to actively participate in the fight to protect forests."
, 
,Here are the Top slogans about forests.
, 
,"No Trees, No Mankind."
, 
,Saving trees is our duty.
, 
,Trees are the root of all life!
, 
,He who plants a tree plants hope.
, 
,Trees give peace to souls of men.
, 
,"Love your life, plant more trees."
, 
,"Preserve your heritage, plant more trees."
, 
,Deforestation will lead us to devastation.
, 
,"Don’t make trees rare, keep them with care."
, 
,Help reduce global warming! Plant a tree now.
, 
,Time spent amongst tree is never wasted time.
, 
,Trees are poems the Earth writes upon the sky.
, 
,Don’t complaint about heat – plant a tree!
, 
,"Plan your family, but never stop planting trees."
, 
,Tree plantation is best option against pollution.
, 
,Trees are beauty of nature. Don’t cut the tree.
, 
,He who plants a tree loves others beside himself!
, 
,"Trees are living beings, love them and care them."
, 
,Plant more trees to enhance the beauty of nature.
, 
,"Tree is our best friend, they give us free oxygen."
, 
,"Trees for the future – plant trees, change lives."
, 
,Save trees and be prevented from ultra-violet rays.
, 
,A tree is a collective property so take care of it.
, 
,Use paper with care so our trees don’t become rare.
, 
,Plant trees and bring rain to get rid of summer heat.
, 
,One family! One child! But plant more and more trees.
, 
,There is nothing wrong with having a tree as a friend.
, 
,Plant more trees to make this world air pollution free.
, 
,Trees are as close to immortality as rest of us ever come.
, 
,Plant a tree today; make the life of the earth much longer.
, 
,Trees give good look; don’t destroy them from earth book.
, 
,"Gardening is not our whole life, but it makes our life whole."
, 
,Save trees or else their leaves will only be seen in museums.
, 
,"Trees take nothing, but give many things. Plant and save them."
, 
,"If man should live with ease and in peace, cease falling trees."
, 
,Save the trees like a mother save her son. Trees also save you.
, 
,Consider the birds and the bees and stop cutting down the trees
, 
, 
,"Save the Rainforest slogans can convey essential information about the importance of rainforests, including their biodiversity and role in maintaining a balanced climate. Slogans serve as educational tools, helping people understand the value of these ecosystems and the potential consequences of their destruction. Save the Rainforest slogans may also act as a catalyst for advocacy and activism. They can be used in campaigns, rallies, and social media movements, boosting the message and promoting collective responsibility. These Slogans can reach a broad audience and influence public opinion, leading to policy changes and increased governmental support for rainforest protection."
, 
,Here is a list of Save The rainforest slogans
, 
,Ban The Saw!
, 
,Follow The Frog!
, 
,Save Our Forest!
, 
,Stand for trees.
, 
,Rock Your Senses.
, 
,Tree Huggers Unite.
, 
,Save the rainforest.
, 
,Join the Green Side.
, 
,Think Of The Monkeys.
, 
,Let The Green Be Seen!
, 
,"Plant Trees, Not Bombs."
, 
,Let’s Save the Trees.
, 
,Rainforest Is My Friend.
, 
,"Love me, Love my Jungle."
, 
,Say yes to saving money.
, 
,Go And Save Rainforests.
, 
,Rainforests Are for All.
, 
,Start saving money today.
, 
,Put yourself in our hands.
, 
,Cut Down On Cutting Trees.
, 
,Feel Free To Plant A Tree.
, 
,Lend a hand to save trees.
, 
,Make habit of saving money.
, 
,May The Forest Be With You.
, 
,Lets think of saving money.
, 
,Go farther by saving money.
, 
,"Love Rainforests, Love Life."
, 
,One raindrop raises the sea.
, 
,When It’s Gone It’s Gone.
, 
,Dare To Be a Force Of Nature.
, 
,It’s All About Rainforests.
, 
,Saving money is good for you.
, 
,Embrace the green revolution.
, 
,Why dont you try saving money?
, 
,Test the taste of saving money.
, 
,May The Rainforest Be With You.
, 
,"Saving money, the smart choice."
, 
,Therapy that makes a difference.
, 
,Forests: Nature At Your Service.
, 
,Keep Calm & Save The Rainforests.
, 
,Save Don’t Pave The Rainforest.
, 
,Save Nature – Save Rainforests.
, 
,The Road to Recovery Starts Here.
, 
,"We Need To Breath, Save The Trees!"
, 
,Saving money makes a lot of cents.
, 
,The Rainforest Has A Friend In Me.
, 
,"Save the Rainforest, Save Yourself."
, 
,Deforestation: No Tree Left Behind.
, 
,Rainforests Are the Place to Be At.
, 
,Save the Forests to Save the Planet.
, 
,Mother Nature: Love Her or Lose Her.
, 
,Be mad about saving the rainforests.
, 
,A Plant A Day Keeps The Floods Away.
, 
,"Feel better, move better, be better."
, 
,A drop harvested is a crop harvested.
, 
,"Kill The Rainforest, Kill Your Lungs."
, 
,Do Your Duty To Keep Nature A Beauty.
, 
,Get Wild About Saving The Rainforest.
, 
,Nature Saves Us So We Have To Save It!
, 
,Save The Rain Forest; Nuke The Whales!
, 
,Saving Rainforests is the Only Choice.
, 
,Treat Our Existing Ecosystem Sacredly.
, 
,Lower the Degrees and Plant Some Trees.
, 
,Save The Rainforest So It Can Save You!
, 
,"I’m a friend of rainforests, are you?"
, 
,Be Climate Clever. Let the Trees Linger.
, 
,Save rainforests before it’s too late.
, 
,"I Am a Friend Of Nature, What About You?"
, 
,Don’t Risk the Whole Forest for a Tree.
, 
,Save the Rainforest for Next Generations.
, 
,Say No To Paving Paradise. Save The Trees.
, 
,The Rainforests Are The Lungs of the Earth.
, 
,Rainforests save us so we have to save them.
, 
,Cutting Down The Rainforest Is Bad All Around.
, 
,"I’m a Friend Of Rainforests, What About You?"
, 
,Slogans Can’t Save Rainforests. But You Can.
, 
,Nature is my religion. The earth is my temple.
, 
,Don’t Let Mother Nature Become Once Upon A Time.
, 
,"What do the forests bear? soil, water and pure air."
, 
,You must be the change you wish to see in the world.
, 
,"It’s a Rainforest Thing, You Wouldn’t Understand."
, 
,"Save The Rainforest, We Really Don’t Need the Lumber."
, 
,Green Revolution. The best solution to arrest pollution.
, 
,Save The Trees Now and They Will Save You in The Future.
, 
,"When All the Rain Forests Have Gone, Humans Will Be Next."
, 
, 
,Conclusions/Suggestions
, 
,"To ensure the preservation of forests, people and communities need to take action. If you are planning to save forests, Here are a few effective ways to help conserve forests and protect the earth."
,"Reduce paper consumption: Choose digital alternatives whenever possible. Reduce paper usage by embracing electronic documents, e-books, and online subscriptions. By minimizing paper consumption, we reduce the demand for logging and, subsequently, the pressure on forests."
,Educate and raise awareness:
, 
,"Support reforestation efforts: Participate in or support tree planting projects. These activities help restore degraded areas and increase forest cover, promoting biodiversity and decreasing climate change."
, 
,"Practice responsible tourism: When visiting forests or nature reserves, follow designated trails, respect wildlife habitats, and avoid leaving any waste behind. Support eco-friendly accommodations and tour operators that prioritize sustainable practices."
, 
,"Conserve energy at home: Reducing energy consumption indirectly contributes to forest conservation. Use energy-efficient appliances, switch to LED lights, and adopt practices like turning off lights and unplugging devices when not in use. Lowering energy demand reduces the need for additional power generation that may involve forest clearance."
,"Practice responsible fire management: If you live in or near forested areas prone to wildfires, take necessary precautions to prevent accidental fires. Follow fire safety guidelines, ensure proper disposal of cigarette butts, and report any potential fire hazards promptly."
, 
,"Reduce meat consumption: The meat industry is a significant driver of deforestation. Opting for plant-based or vegetarian meals reduces the demand for agricultural land for livestock production, helping preserve forests and their ecosystems."
, 
,"Remember, every effort counts, and by taking action today, we all collectively can make a significant difference in the conservation of our forests and the overall health of our planet."
, 
, 
,Frequently Asked Questions
,"Forests are the most important thing on this planet. They provide us oxygen without which human life can’t sustain. They are also keeping our environment clean and green which is necessary for us to be healthy. Keeping in view the importance of forests, we must have grown more forests throughout the world but instead we are cutting them down at a higher pace. Due to cutting down of forests, we are now living in a polluted world and people are living a unhealthy life."
, 
,"These slogans capture the essence of forest conservation, emphasizing the interconnectedness of forests with various aspects of our lives, including biodiversity, climate regulation, and the well-being of future generations."
, 
, 
,"The following quotes remind the importance of forests as sources of life, beauty, and inspiration. They remind us of the urgent need to protect and preserve our forests for future generations."
, 
,Here are some quotes about protecting the forests
, 
,"When we plant trees, we plant the seeds of peace and the seeds of hope.” – Wangari Maathai."
, 
,"In the end, we will conserve only what we love; we will love only what we understand, and we will understand only what we are taught.” – Baba Dioum"
, 
,He who plants a tree plants hope.” – Lucy Larcom
, 
,"A nation that destroys its soils destroys itself. Forests are the lungs of our land, purifying the air and giving fresh strength to our people.” – Franklin D. Roosevelt."
, 
,We are not inheriting the Earth from our ancestors; we are borrowing it from our children.” – Native American Proverb.
, 
,The best time to plant a tree was 20 years ago. The second best time is now.” – Chinese Proverb.
, 
,"The forest is not a resource for us; it is life itself. It is the only place for us to live.” – Evaristo Nugkuag Ikanan, Matsés elder"
, 
,The creation of a thousand forests is in one acorn.” – Ralph Waldo Emerson
, 
,The forest is a peculiar organism of unlimited kindness and benevolence that makes no demands for its sustenance and extends generously the products of its life activity.” – Buddhist Sutra.
, 
, 
,"Now the time has come, we must change our attitude towards forests. We not only need to protect the existing forests, we should grow more forests. We need to stand up to create awareness among people regarding the benefits of forests. Everyone of us has to contribute to spread the word."
,"Frequent awareness campaigns need to be run to accelerate the public awareness process. Slogans on save forests should be used in these campaigns as they catch the attention of people and stick to their mind like glue for a long time. In the past, we have shared save animal slogans and save trees slogans to aware people to save both for a sustainable future."
,"In this post, we are going to present 50+ save forest slogans. You can use them in save forest awareness campaigns to motivate people to stop cutting down forests and grow more."
, 
,Related Articles:
,Catchy Rainforest Slogans With Pictures and Posters
,Catchy Save Forest Slogans
,Catchy Save the Rainforest Slogans With Pictures
,
,"


"
,"


"
,101 Catchy Clothing Slogans and Clothing Taglines
,"999 Catchy Fashion Slogans, Fashion Taglines & Fashion Phrases"
,300 Catchy Health Slogans | Health Taglines | Health Phrases & Sayings
,"151 Best Anti Drug Slogans, Drug Posters, Phrases, Poems and Quotes"
,Copyright © 2023 Slogans Hub
